{
  "en": {
    "common": {
      "login": "Login",
      "register": "Register",
      "logout": "Logout",
      "dashboard": "Dashboard",
      "transactions": "Transactions",
      "transfer": "Transfer",
      "balance": "Balance",
      "account": "Account",
      "profile": "Profile",
      "settings": "Settings",
      "loading": "Loading...",
      "error": "Error",
      "success": "Success",
      "cancel": "Cancel",
      "confirm": "Confirm",
      "submit": "Submit",
      "save": "Save"
    },
    "auth": {
      "welcome": "Welcome to Bank of China",
      "loginTitle": "Sign in to your account",
      "registerTitle": "Create your account",
      "email": "Email address",
      "password": "Password",
      "confirmPassword": "Confirm Password",
      "firstName": "First Name",
      "lastName": "Last Name",
      "phone": "Phone Number",
      "forgotPassword": "Forgot your password?",
      "noAccount": "Don't have an account?",
      "hasAccount": "Already have an account?",
      "signUp": "Sign up",
      "signIn": "Sign in",
      "invalidCredentials": "Invalid email or password",
      "registrationSuccess": "Account created successfully"
    },
    "dashboard": {
      "welcomeBack": "Welcome back",
      "accountOverview": "Account Overview",
      "availableBalance": "Available Balance",
      "accountNumber": "Account Number",
      "recentTransactions": "Recent Transactions",
      "viewAll": "View All",
      "quickActions": "Quick Actions",
      "sendMoney": "Send Money",
      "requestMoney": "Request Money",
      "payBills": "Pay Bills"
    },
    "transactions": {
      "allTransactions": "All Transactions",
      "sent": "Sent",
      "received": "Received",
      "deposit": "Deposit",
      "withdrawal": "Withdrawal",
      "transfer": "Transfer",
      "amount": "Amount",
      "date": "Date",
      "description": "Description",
      "status": "Status",
      "pending": "Pending",
      "completed": "Completed",
      "failed": "Failed"
    },
    "transfer": {
      "sendMoney": "Send Money",
      "recipientAccount": "Recipient Account Number",
      "amount": "Amount",
      "description": "Description (Optional)",
      "transferFunds": "Transfer Funds",
      "transferSuccess": "Transfer completed successfully",
      "insufficientFunds": "Insufficient funds",
      "invalidAccount": "Invalid account number"
    }
  },
  "zh": {
    "common": {
      "login": "登录",
      "register": "注册",
      "logout": "退出",
      "dashboard": "仪表板",
      "transactions": "交易记录",
      "transfer": "转账",
      "balance": "余额",
      "account": "账户",
      "profile": "个人资料",
      "settings": "设置",
      "loading": "加载中...",
      "error": "错误",
      "success": "成功",
      "cancel": "取消",
      "confirm": "确认",
      "submit": "提交",
      "save": "保存"
    },
    "auth": {
      "welcome": "欢迎来到中国银行",
      "loginTitle": "登录您的账户",
      "registerTitle": "创建您的账户",
      "email": "电子邮箱",
      "password": "密码",
      "confirmPassword": "确认密码",
      "firstName": "名",
      "lastName": "姓",
      "phone": "电话号码",
      "forgotPassword": "忘记密码？",
      "noAccount": "没有账户？",
      "hasAccount": "已有账户？",
      "signUp": "注册",
      "signIn": "登录",
      "invalidCredentials": "邮箱或密码无效",
      "registrationSuccess": "账户创建成功"
    },
    "dashboard": {
      "welcomeBack": "欢迎回来",
      "accountOverview": "账户概览",
      "availableBalance": "可用余额",
      "accountNumber": "账户号码",
      "recentTransactions": "最近交易",
      "viewAll": "查看全部",
      "quickActions": "快速操作",
      "sendMoney": "转账",
      "requestMoney": "收款",
      "payBills": "缴费"
    },
    "transactions": {
      "allTransactions": "所有交易",
      "sent": "已发送",
      "received": "已接收",
      "deposit": "存款",
      "withdrawal": "取款",
      "transfer": "转账",
      "amount": "金额",
      "date": "日期",
      "description": "描述",
      "status": "状态",
      "pending": "待处理",
      "completed": "已完成",
      "failed": "失败"
    },
    "transfer": {
      "sendMoney": "转账",
      "recipientAccount": "收款人账号",
      "amount": "金额",
      "description": "描述（可选）",
      "transferFunds": "转账",
      "transferSuccess": "转账成功",
      "insufficientFunds": "余额不足",
      "invalidAccount": "无效账号"
    }
  }
}
